{"cameraMode":{"drawMode":0,"name":"Shaded","section":"Shading Mode"},"sceneLighting":false,"audioPlay":false,"sceneViewState":{"m_AlwaysRefresh":false,"showFog":true,"showSkybox":false,"showFlares":true,"showImageEffects":true,"showParticleSystems":true,"showVisualEffectGraphs":true,"m_FxEnabled":false},"in2DMode":false,"pivot":{"x":-9.039809226989746,"y":1.0146722793579102,"z":9.91661262512207},"rotation":{"x":0.0019892221316695215,"y":0.8765407800674439,"z":-0.48137304186820986,"w":0.0036765332333743574},"size":0.9653955698013306,"orthographic":false}