{"cameraMode":{"drawMode":0,"name":"Shaded","section":"Shading Mode"},"sceneLighting":false,"audioPlay":false,"sceneViewState":{"m_AlwaysRefresh":false,"showFog":true,"showSkybox":false,"showFlares":true,"showImageEffects":true,"showParticleSystems":true,"showVisualEffectGraphs":true,"m_FxEnabled":false},"in2DMode":false,"pivot":{"x":-3.0025930404663088,"y":0.7505495548248291,"z":3.554805278778076},"rotation":{"x":0.0019892221316695215,"y":0.8765407800674439,"z":-0.48137304186820986,"w":0.0036765332333743574},"size":1.4086021184921265,"orthographic":false}