{"cameraMode":{"drawMode":0,"name":"Shaded","section":"Shading Mode"},"sceneLighting":false,"audioPlay":false,"sceneViewState":{"m_AlwaysRefresh":false,"showFog":true,"showSkybox":false,"showFlares":true,"showImageEffects":true,"showParticleSystems":true,"showVisualEffectGraphs":true,"m_FxEnabled":false},"in2DMode":false,"pivot":{"x":0.11717134714126587,"y":-0.18950983881950379,"z":0.006833821535110474},"rotation":{"x":-0.22227859497070313,"y":0.7046746015548706,"z":-0.2503879964351654,"w":-0.625566840171814},"size":0.4330126941204071,"orthographic":false}